Student,01002
Student,01118
Student,01581
Student,01581
Student,01581
Student,01602
Student,01701
Student,01701
Student,01720
Student,01748
Student,01752
Student,01752
Student,01760
Student,01801
Student,01803
Student,01810
Student,01824
Student,01864
Student,01864
Student,01867
Student,01890
Student,01906
Student,01923
Student,01940
Student,02021
Student,02026
Student,02026
Student,02062
Student,02071
Student,02072
Student,02116
Student,02116
Student,02118
Student,02118
Student,02118
Student,02118
Student,02118
Student,02118
Student,02118
Student,02118
Student,02118
Student,02118
Student,02118
Student,02119
Student,02119
Student,02119
Student,02120
Student,02121
Student,02122
Student,02122
Student,02125
Student,02125
Student,02129
Student,02129
Student,02130
Student,02132
Student,02134
Student,02135
Student,02135
Student,02135
Student,02135
Student,02135
Student,02135
Student,02138
Student,02139
Student,02139
Student,02139
Student,02139
Student,02143
Student,02143
Student,02148
Student,02148
Student,02148
Student,02148
Student,02148
Student,02148
Student,02148
Student,02149
Student,02149
Student,02149
Student,02149
Student,02149
Student,02149
Student,02151
Student,02151
Student,02151
Student,02155
Student,02155
Student,02155
Student,02155
Student,02155
Student,02169
Student,02169
Student,02170
Student,02171
Student,02176
Student,02180
Student,02184
Student,02210
Student,02215
Student,02215
Student,02215
Student,02215
Student,02343
Student,02359
Student,02421
Student,02445
Student,02445
Student,02445
Student,02446
Student,02446
Student,02446
Student,02446
Student,02446
Student,02446
Student,02446
Student,02446
Student,02446
Student,02446
Student,02446
Student,02446
Student,02451
Student,02451
Student,02452
Student,02460
Student,02460
Student,02461
Student,02466
Student,02467
Student,02467
Student,02472
Student,02472
Student,02472
Student,02472
Student,02474
Student,02478
Student,02481
Student,02780
Student,03060
Student,03064
Student,03079
Student,03109
Student,17460174
Student,18030180
Student,21180211
Student,21363617
Student,21380213
Student,21385321
Student,24216441
Student,24767723
