2005,ACURA,NSX,19.4,31,23.3282
2005,ACURA,NSX,19.3,31.1,23.2737
2005,AUDI,TT ROADSTER,22,36.2,26.7159
2005,AUDI,TT ROADSTER QUATTRO,22.1726,36.5686,26.9462
2005,AUDI,TT ROADSTER QUATTRO,23.9,34.2,27.6469
2005,BMW,Z4 ROADSTER,22.4,35.7,26.9117
2005,BMW,Z4 ROADSTER,22.9,35.9,27.3581
2005,BMW,Z4 ROADSTER,22.9,37.5,27.7643
2005,BMW,Z4 ROADSTER,21.2536,34.5372,25.702
2005,BMW,Z4 ROADSTER,22.3982,37.6275,27.3861
2005,CADILLAC,XLR,18.4,31.7,22.6825
2005,CHEVROLET,CORVETTE,20.4,34.1,24.9021
2005,CHEVROLET,CORVETTE,19.8,36.4,24.9125
2005,CHRYSLER,CROSSFIRE COUPE,23.4,35.4,27.612
2005,CHRYSLER,CROSSFIRE COUPE,19.1,30.9,23.0633
2005,CHRYSLER,CROSSFIRE COUPE,18.8,32.4,23.1781
2005,CHRYSLER,CROSSFIRE ROADSTER,23.4,35.4,27.612
2005,CHRYSLER,CROSSFIRE ROADSTER,19.1,30.9,23.0633
2005,CHRYSLER,CROSSFIRE ROADSTER,18.8,32.4,23.1781
2005,DODGE,VIPER CONVERTIBLE,13.4,25.9,17.1176
2005,FERRARI,360 MODENA/SPIDER/CHALLENGE,11.9,20.2,14.5995
2005,FERRARI,360 MODENA/SPIDER/CHALLENGE,11.6498,20.498,14.4583
2005,FERRARI,FERRARI 575 M MARANELLO,10.6,20.3,13.5036
2005,FERRARI,FERRARI 575 M MARANELLO,11.2498,21.4,14.3025
2005,FORD,GT        2WD,15,26.9,18.7282
2005,FORD,THUNDERBIRD,19.7,30.8,23.5133
2005,FORD,THUNDERBIRD,19.3468,31.1,23.3111
2005,HONDA,INSIGHT,62.8,71.4,66.3989
2005,HONDA,INSIGHT,67.7,84.4,74.3172
2005,HONDA,S2000,21.7,32.5,25.5156
2005,LAMBORGHINI,L-140/141 GALLARD0,10.1,19.7,12.9369
2005,LAMBORGHINI,L-140/141 GALLARD0,10.6,21.9,13.8055
2005,LAMBORGHINI,L-147/148 MURCIELAGO,10.1,17.1,12.3806
2005,LAMBORGHINI,L-147/148 MURCIELAGO,10.9,19.6,13.6207
2005,LOTUS,LOTUS ELISE/EXIGE,25.8,34.9,29.2297
2005,MASERATI,SPYDER CAMBIOCORSA/SPYDER GT,12.8,21.2,15.5775
2005,MASERATI,SPYDER CAMBIOCORSA/SPYDER GT,12.9755,21.9403,15.8988
2005,MAZDA,MX-5 MIATA,24.6,35.6,28.5729
2005,MAZDA,MX-5 MIATA,25.8,36.4,29.6908
2005,MAZDA,MX-5 MIATA,25.7,35.6,29.3761
2005,MAZDA,MX-5 MIATA,22.7,33,26.4093
2005,MERCEDES-BENZ,SLR,14.1746,22.541,17.0168
2005,MERCEDES-BENZ,SL500,17.4,29.1,21.2435
2005,MERCEDES-BENZ,SL55 AMG,15.0974,25.2964,18.4436
2005,MERCEDES-BENZ,SL600,14.1,24.3,17.3836
2005,MERCEDES-BENZ,SL65 AMG,13.7193,24.545,17.1165
2005,MERCEDES-BENZ,SLK350,21.2,32.6,25.1591
2005,MERCEDES-BENZ,SLK350,20.2,32.5,24.3464
2005,MERCEDES-BENZ,SLK55 AMG,17.4,28.1,20.9981
2005,NISSAN,350Z,21.9307,33.6614,26.0095
2005,NISSAN,350Z,21.5596,32.6894,25.4604
2005,NISSAN,350Z,21.1,32.7,25.1081
2005,NISSAN,350Z ROADSTER,21.7,33.1666,25.698
2005,NISSAN,350Z ROADSTER,20.5304,31.7653,24.4165
2005,PORSCHE,CARRERA 2 911 GT3,16.7007,29.3824,20.7262
2005,PORSCHE,CARRERA GT,11.5093,20.2159,14.2761
2005,PORSCHE,TURBO   2 911 GT2,16.833,29.93,20.9604
2005,TOYOTA,MR2,29.1,41.3,33.5613
2005,TOYOTA,MR2,29,42.1,33.7219
2005,ASTON MARTIN,DB9,12.75,23.8895,16.1358
2005,ASTON MARTIN,DB9 VOLANTE,12.7642,22.8891,15.9364
2005,ASTON MARTIN,V12 VANQUISH S,12.1251,21.9955,15.1931
2005,AUDI,TT COUPE,23.1,37.1,27.825
2005,AUDI,TT COUPE QUATTRO,22.1726,36.5686,26.9462
2005,AUDI,TT COUPE QUATTRO,24.7,34.1,28.1979
2005,BMW,325CI CONVERTIBLE,20.8,34.5,25.3256
2005,BMW,325CI CONVERTIBLE,20.5,33.9,24.9354
2005,BMW,330CI CONVERTIBLE,21.6,36.5,26.4608
2005,BMW,330CI CONVERTIBLE,20.4,32.5,24.5056
2005,BMW,330CI CONVERTIBLE,21.1528,34.7518,25.6738
2005,BMW,M3 CONVERTIBLE,17.5,29.5431,21.4314
2005,BMW,M3 CONVERTIBLE,17.7191,28.1243,21.2583
2005,JAGUAR,JAGUAR XK8 CONVERTIBLE,19.598,33.0439,23.991
2005,JAGUAR,JAGUAR XKR CONVERTIBLE,17.5722,29.1723,21.4018
2005,LEXUS,SC 430,19.4718,29.9479,23.1096
2005,MINI,MINI COOPER,28.9,44.2,34.2323
2005,MINI,MINI COOPER,31.1,46.7,36.6021
2005,MINI,MINI COOPER CONVERTIBLE,28.8,41.9,33.5153
2005,MINI,MINI COOPER CONVERTIBLE,30.4,45.2,35.6533
2005,MINI,MINI COOPER S,27.4286,40.9403,32.2127
2005,MINI,MINI COOPER S CONVERTIBLE,27.4286,40.9403,32.2127
2005,MITSUBISHI,ECLIPSE SPYDER,25.5,39.2589,30.2746
2005,MITSUBISHI,ECLIPSE SPYDER,22.6205,33.8793,26.5981
2005,MITSUBISHI,ECLIPSE SPYDER,22.6,36.8,27.3489
2005,MITSUBISHI,ECLIPSE SPYDER,22.7,36.5,27.3539
2005,MITSUBISHI,ECLIPSE SPYDER,22.3,35.5,26.7811
2005,MITSUBISHI,ECLIPSE SPYDER,22.2465,34.3393,26.4358
2005,PORSCHE,CARRERA 2 CABRIOLET,20.8149,33.7593,25.1553
2005,PORSCHE,CARRERA 2 CABRIOLET,20.135,32.9952,24.4177
2005,PORSCHE,CARRERA 2 CABRIOLET,20.4618,33.4099,24.7841
2005,PORSCHE,CARRERA 2 CABRIOLET,19.9,33.8,24.419
2005,PORSCHE,CARRERA 2 CABRIOLET KIT,20.135,32.9952,24.4177
2005,PORSCHE,CARRERA 2 CABRIOLET KIT,19.9,33.8,24.419
2005,PORSCHE,CARRERA 2 COUPE,20.9314,33.9237,25.29
2005,PORSCHE,CARRERA 2 COUPE,20.1683,32.7973,24.3955
2005,PORSCHE,CARRERA 2 COUPE,20.3931,33.6685,24.792
2005,PORSCHE,CARRERA 2 COUPE,19.6,33.4,24.0765
2005,PORSCHE,CARRERA 2 COUPE KIT,20.1683,32.7973,24.3955
2005,PORSCHE,CARRERA 2 COUPE KIT,19.6,33.4,24.0765
2005,PORSCHE,CARRERA 2 S CABRIOLET,20.4886,32.4968,24.575
2005,PORSCHE,CARRERA 2 S CABRIOLET,19.9597,32.6825,24.1988
2005,PORSCHE,CARRERA 2 S COUPE,20.5677,32.8016,24.7159
2005,PORSCHE,CARRERA 2 S COUPE,19.863,32.9215,24.1788
2005,PORSCHE,CARRERA 4 CABRIOLET,18.9277,29.9987,22.697
2005,PORSCHE,CARRERA 4 CABRIOLET,18.7,30.3,22.5921
2005,PORSCHE,CARRERA 4 CABRIOLET KIT,18.9277,29.9987,22.697
2005,PORSCHE,CARRERA 4 CABRIOLET KIT,18.7,30.3,22.5921
2005,PORSCHE,CARRERA 4 S CABRIOLET,18.9277,29.9987,22.697
2005,PORSCHE,CARRERA 4 S CABRIOLET,18.7,30.3,22.5921
2005,PORSCHE,CARRERA 4 S CABRIOLET KIT,18.9277,29.9987,22.697
2005,PORSCHE,CARRERA 4 S CABRIOLET KIT,18.7,30.3,22.5921
2005,PORSCHE,CARRERA 4 S COUPE,18.8276,29.1492,22.3963
2005,PORSCHE,CARRERA 4 S COUPE,18.9,30.3,22.7521
2005,PORSCHE,CARRERA 4 S KIT,18.8276,29.1492,22.3963
2005,PORSCHE,CARRERA 4 S KIT,18.9,30.3,22.7521
2005,PORSCHE,TARGA,20.135,32.9952,24.4177
2005,PORSCHE,TARGA,19.9,33.8,24.419
2005,PORSCHE,TARGA KIT,20.135,32.9952,24.4177
2005,PORSCHE,TARGA KIT,19.9,33.8,24.419
2005,PORSCHE,TURBO   4 911 TURBO,16.0257,28.2799,19.9075
2005,PORSCHE,TURBO   4 911 TURBO,16.5805,28.3585,20.3916
2005,PORSCHE,TURBO   4 911 TURBO CAB,15.7187,27.7531,19.5295
2005,PORSCHE,TURBO   4 911 TURBO CAB,16.7753,28.6776,20.6279
2005,PORSCHE,TURBO   4 911 TURBO CAB KIT,15.7187,27.7531,19.5295
2005,PORSCHE,TURBO   4 911 TURBO CAB KIT,16.7753,28.6776,20.6279
2005,PORSCHE,TURBO   4 911 TURBO CAB S,15.7187,27.7531,19.5295
2005,PORSCHE,TURBO   4 911 TURBO CAB S,16.7753,28.6776,20.6279
2005,PORSCHE,TURBO   4 911 TURBO KIT,16.0257,28.2799,19.9075
2005,PORSCHE,TURBO   4 911 TURBO KIT,16.62,28.3386,20.4198
2005,PORSCHE,TURBO   4 911 TURBO S,16.0257,28.2799,19.9075
2005,PORSCHE,TURBO   4 911 TURBO S,16.62,28.3386,20.4198
2005,VOLKSWAGEN,NEW BEETLE CONVERTIBLE,27.3,38.6,31.442
2005,VOLKSWAGEN,NEW BEETLE CONVERTIBLE,24.4057,38.6291,29.2527
2005,VOLKSWAGEN,NEW BEETLE CONVERTIBLE,26.5131,38.907,30.9497
2005,VOLKSWAGEN,NEW BEETLE CONVERTIBLE,23.8,39.4,28.9599
2005,ACURA,RSX,30.4,43.3,35.1065
2005,ACURA,RSX,25.2,39.7,30.1564
2005,ACURA,RSX,28,43.3,33.294
2005,AUDI,A4 CABRIOLET,25.5,38.6,30.0963
2005,AUDI,A4 CABRIOLET,23.1,36.6,27.6973
2005,AUDI,A4 CABRIOLET QUATTRO,20.2445,32.9971,24.5065
2005,AUDI,S4 CABRIOLET,16.5,27.2,20.0491
2005,AUDI,S4 CABRIOLET,19.3355,29.7723,22.957
2005,BMW,325CI,22.6,37.8,27.593
2005,BMW,325CI,21.3158,34.7275,25.7995
2005,BMW,330CI,22.1254,38.153,27.283
2005,BMW,330CI,21.2536,34.5372,25.702
2005,BMW,330CI,22.2354,37.2131,27.1534
2005,BMW,645CI,18.4,32.4,22.8414
2005,BMW,645CI,20.1469,33.7,24.5987
2005,BMW,645CI,18.1978,31.2077,22.4
2005,BMW,645CI CONVERTIBLE,16.6,29.4,20.6447
2005,BMW,645CI CONVERTIBLE,20,33.5,24.4303
2005,BMW,645CI CONVERTIBLE,16.5462,28.5247,20.4015
2005,BMW,M3,18,30.9,22.1638
2005,BMW,M3,18.3217,29.6138,22.1167
2005,CHEVROLET,COBALT,25.6,37.2,29.7786
2005,CHEVROLET,COBALT,27.6149,43.6063,33.0727
2005,CHEVROLET,COBALT,29.1741,45.766,34.8615
2005,FORD,MUSTANG,21,32.5,24.9771
2005,FORD,MUSTANG,21.3,36.3,26.1655
2005,FORD,MUSTANG,19.7,30.1,23.3269
2005,FORD,MUSTANG,18.7,31.5,22.8846
2005,HYUNDAI,TIBURON,24.1325,37.9239,28.8544
2005,HYUNDAI,TIBURON,26.2,38.7,30.6558
2005,HYUNDAI,TIBURON,21.0924,33.2499,25.2464
2005,HYUNDAI,TIBURON,21.4,33.7,25.6055
2005,HYUNDAI,TIBURON,20.3,33.9,24.7721
2005,JAGUAR,JAGUAR XK8,19.598,33.0439,23.991
2005,JAGUAR,JAGUAR XKR,17.5722,29.1723,21.4018
2005,MASERATI,COUPE & GRANSPORT,12.8,21.2,15.5775
2005,MASERATI,COUPE & GRANSPORT,12.9755,21.9403,15.8988
2005,MAZDA,MAZDA RX-8,20.4,30.2,23.8883
2005,MAZDA,MAZDA RX-8,19.9,30.9,23.696
2005,MERCEDES-BENZ,CLK320,22.2,35.7,26.7524
2005,MERCEDES-BENZ,CLK320 (CABRIOLET),22.2,33.8,26.2547
2005,MERCEDES-BENZ,CLK500,18.7,31.7,22.9319
2005,MERCEDES-BENZ,CLK500 (CABRIOLET),18.7,31.7,22.9319
2005,MERCEDES-BENZ,CLK55 AMG,17.6992,28.7,21.3884
2005,MERCEDES-BENZ,CLK55 AMG (CABRIOLET),17.3632,28.5997,21.0923
2005,MITSUBISHI,ECLIPSE,23.2774,35.2661,27.4815
2005,MITSUBISHI,ECLIPSE,25.6256,39.5837,30.4588
2005,MITSUBISHI,ECLIPSE,23.2783,35.2691,27.483
2005,MITSUBISHI,ECLIPSE,22.6,37.1,27.4231
2005,MITSUBISHI,ECLIPSE,22.4,37,27.2363
2005,MITSUBISHI,ECLIPSE,22.3,35.5,26.7811
2005,MITSUBISHI,ECLIPSE,22.8,35.3,27.1218
2005,SAAB,SAAB 9-3 CONVERTIBLE,23.8,36.3,28.1643
2005,SAAB,SAAB 9-3 CONVERTIBLE,20.6,34.2,25.0897
2005,SUBARU,IMPREZA AWD,21.3632,32.8686,25.3575
2005,SUBARU,IMPREZA AWD,21.9711,34.4961,26.262
2005,SUBARU,IMPREZA AWD,24.8623,36.2274,28.9492
2005,SUBARU,IMPREZA AWD,25.0837,38.2256,29.6746
2005,SUBARU,IMPREZA AWD,19.5,30.5,23.2779
2005,TOYOTA,CELICA,32.1,46,37.1518
2005,TOYOTA,CELICA,29.5,42.8,34.2958
2005,TOYOTA,CELICA,27.2,41.7,32.2456
2005,TOYOTA,CELICA,27.6708,39.7484,32.0536
2005,TOYOTA,SCION TC,25.7,38.3997,30.1936
2005,TOYOTA,SCION TC,24.3,37.3,28.82
2005,TOYOTA,SCION XA,34.8,49.1,40.0488
2005,TOYOTA,SCION XA,35.3,47.5,39.9131
2005,VOLKSWAGEN,NEW BEETLE,27.3,38.8,31.5016
2005,VOLKSWAGEN,NEW BEETLE,24.4057,38.6291,29.2527
2005,VOLKSWAGEN,NEW BEETLE,41.8019,59.3787,48.2258
2005,VOLKSWAGEN,NEW BEETLE,39.9,53.3,44.9898
2005,VOLKSWAGEN,NEW BEETLE,26.6264,39.4047,31.1758
2005,VOLKSWAGEN,NEW BEETLE,24.5,39.9,29.6497
2005,ACURA,TSX,23.8,38,28.6112
2005,ACURA,TSX,24.6,39.2,29.5532
2005,AUDI,A4,25.1,37.6,29.5156
2005,AUDI,A4,24.6,40.1,29.7799
2005,AUDI,A4,23.8,36.9,28.3251
2005,AUDI,A4 QUATTRO,23.4,38.2,28.3412
2005,AUDI,A4 QUATTRO,22.4655,36.8743,27.2586
2005,AUDI,A4 QUATTRO,20.3754,33.4805,24.7317
2005,AUDI,A4 QUATTRO,20.2445,32.9971,24.5065
2005,AUDI,S4,16.5105,27.1174,20.0375
2005,AUDI,S4,19.5,30.3,23.2252
2005,BENTLEY,CONTINENTAL GT,12.5498,22.7,15.7111
2005,BMW,325I,22.6,37.8,27.593
2005,BMW,325I,21.3158,34.7275,25.7995
2005,BMW,325XI,21.6,34.7,26.0205
2005,BMW,325XI,21.4,33.4,25.5271
2005,BMW,330I,22.1254,38.153,27.283
2005,BMW,330I,21.2536,34.5372,25.702
2005,BMW,330I,22.2354,37.2131,27.1534
2005,BMW,330XI,22.1,37.4,27.0864
2005,BMW,330XI,20.1,32.2,24.1906
2005,CHEVROLET,AVEO,28.8,43.3,33.91
2005,CHEVROLET,AVEO,29.6,45.5,35.1232
2005,CHEVROLET,AVEO 5,28.8,43.3,33.91
2005,CHEVROLET,AVEO 5,29.6,45.5,35.1232
2005,CHEVROLET,CAVALIER,27.6149,43.6063,33.0727
2005,CHEVROLET,CAVALIER,29.5022,46.5883,35.3335
2005,CHEVROLET,OPTRA,24.5996,38.4958,29.3706
2005,CHEVROLET,OPTRA,24.7,38.1,29.3442
2005,CHEVROLET,OPTRA 5,24.5996,38.4958,29.3706
2005,CHEVROLET,OPTRA 5,24.7,38.1,29.3442
2005,CHRYSLER,SEBRING,23.5,36.3,27.9322
2005,CHRYSLER,SEBRING,26.4,40.9,31.4112
2005,CHRYSLER,SEBRING,22.3,35.5,26.7811
2005,CHRYSLER,SEBRING,22.8829,37.4028,27.7265
2005,CHRYSLER,SEBRING,22.3,35.5,26.7811
2005,CHRYSLER,SEBRING CONVERTIBLE,24.6,37.9,29.2132
2005,CHRYSLER,SEBRING CONVERTIBLE,17.2,26,20.2904
2005,CHRYSLER,SEBRING CONVERTIBLE,17.2,26,20.2904
2005,CHRYSLER,SEBRING CONVERTIBLE,23.4,35.2989,27.5843
2005,CHRYSLER,SEBRING CONVERTIBLE,23.4,35.2989,27.5843
2005,DODGE,NEON/SRT-4/SX 2.0,28.1,41.3,32.8204
2005,DODGE,NEON/SRT-4/SX 2.0,32.2,45.7,37.1367
2005,DODGE,NEON/SRT-4/SX 2.0,24.2,38.5,29.0566
2005,DODGE,STRATUS,23.5,36.3,27.9322
2005,DODGE,STRATUS,26.4,40.9,31.4112
2005,DODGE,STRATUS,22.3,35.5,26.7811
2005,DODGE,STRATUS,22.8829,37.4028,27.7265
2005,DODGE,STRATUS,22.3,35.5,26.7811
2005,FORD,FOCUS  FWD,28.5595,40.6,32.9578
2005,FORD,FOCUS  FWD,28.4,44.4,33.8968
2005,FORD,FOCUS  FWD,24.6,39.8424,29.7157
2005,HONDA,CIVIC,33.2,43.9,37.29
2005,HONDA,CIVIC,38.5,51.6,43.4657
2005,HONDA,CIVIC,32.7,48.4,38.2891
2005,HONDA,CIVIC,33.9,49.3,39.4447
2005,HONDA,CIVIC,35,48.7,40.0729
2005,HONDA,CIVIC,40.2,56.2,46.1069
2005,HONDA,CIVIC,35.1,47.4,39.7406
2005,HONDA,CIVIC,28.4,39.4,32.4807
2005,HONDA,CIVIC HYBRID,52.6,60.9,56.0367
2005,HONDA,CIVIC HYBRID,53.2,60.5,56.2545
2005,HONDA,CIVIC HYBRID,50,64.8,55.7276
2005,HONDA,CIVIC HYBRID,51.2,64.9,56.5741
2005,HYUNDAI,ACCENT/BRIO,29.5,45.4,35.019
2005,HYUNDAI,ACCENT/BRIO,31.4,45.9,36.6034
2005,HYUNDAI,ACCENT/BRIO,29.3,44.7,34.6759
2005,HYUNDAI,ACCENT/BRIO,32.2,42.8,36.2388
2005,INFINITI,G35,21.6,33.6,25.7362
2005,INFINITI,G35,20.3661,32.6551,24.5182
2005,INFINITI,G35,19.3,30.3,23.0686
2005,INFINITI,G35,20.3661,32.6551,24.5182
2005,JAGUAR,JAGUAR X-TYPE,20.1489,32.8851,24.4017
2005,JAGUAR,JAGUAR X-TYPE,21.6,35.3,26.1706
2005,JAGUAR,JAGUAR X-TYPE,19.4499,32.3,23.6913
2005,JAGUAR,JAGUAR X-TYPE,20.3,35.3,25.0995
2005,KIA,KIA RIO,26.3398,40.296,31.2028
2005,KIA,KIA RIO,28.0199,40.2,32.4434
2005,LEXUS,IS 300,19.816,31.7575,23.852
2005,LEXUS,IS 300,19.9275,31.3085,23.8248
2005,MAZDA,MAZDA 3,30.6472,44.5071,35.6419
2005,MAZDA,MAZDA 3,28.6555,43.3385,33.8101
2005,MAZDA,MAZDA 3,28.19,41.0324,32.8112
2005,MAZDA,MAZDA 3,26.5407,36.835,30.3587
2005,MERCEDES-BENZ,C230 KOMPRESSOR,26.4,41.4,31.5429
2005,MERCEDES-BENZ,C230 KOMPRESSOR,25.4,40.5,30.5207
2005,MERCEDES-BENZ,C230 KOMPRESSOR SPORTS COUPE,26,40.4,30.967
2005,MERCEDES-BENZ,C230 KOMPRESSOR SPORTS COUPE,26,39.7,30.7798
2005,MERCEDES-BENZ,C240 4MATIC,21.2,31.8,24.9412
2005,MERCEDES-BENZ,C240 FFV,16,23.8,18.7679
2005,MERCEDES-BENZ,C240 FFV,21.8,32,25.4506
2005,MERCEDES-BENZ,C320,20.6,33.4,24.8929
2005,MERCEDES-BENZ,C320 4MATIC,21.4,32.8,25.3675
2005,MERCEDES-BENZ,C320 FFV,15.9,24.3,18.8289
2005,MERCEDES-BENZ,C320 FFV,22.2,33.7,26.2275
2005,MERCEDES-BENZ,C320 SPORTS COUPE,19.3,30.8,23.1977
2005,MERCEDES-BENZ,C320 SPORTS COUPE FFV,15.3,23.3,18.0959
2005,MERCEDES-BENZ,C320 SPORTS COUPE FFV,21,30.6,24.4521
2005,MERCEDES-BENZ,C55 AMG,17.5989,27.8,21.0797
2005,MERCEDES-BENZ,CL500,17.8,30.5,21.9044
2005,MERCEDES-BENZ,CL55 AMG,15.8943,27.9499,19.7224
2005,MERCEDES-BENZ,CL600,14.2,23.9,17.3729
2005,MERCEDES-BENZ,CL65 AMG,13.5816,24.8996,17.074
2005,MITSUBISHI,LANCER,27.7802,39.5386,32.0723
2005,MITSUBISHI,LANCER,30.3436,43.6448,35.1664
2005,MITSUBISHI,LANCER,24.9,35.9774,28.9049
2005,MITSUBISHI,LANCER,25.7369,37.3379,29.9202
2005,MITSUBISHI,LANCER EVOLUTION,20.9,32.9,25.004
2005,MITSUBISHI,LANCER EVOLUTION,20.8,32.7,24.8733
2005,NISSAN,SENTRA,31.0202,43.8573,35.7258
2005,NISSAN,SENTRA,30.9,45.2,36.0294
2005,NISSAN,SENTRA,25.9181,35.727,29.5716
2005,NISSAN,SENTRA,25.7,37.4,29.9107
2005,PONTIAC,G6,24.9,41.3,30.3175
2005,PONTIAC,G6,23.3,36.6,27.855
2005,PONTIAC,GRAND AM,27.6149,43.6063,33.0727
2005,PONTIAC,GRAND AM,23.6,40.5,29.0561
2005,PONTIAC,GTO,18.3466,32,22.7062
2005,PONTIAC,SUNFIRE,27.6149,43.6063,33.0727
2005,PONTIAC,SUNFIRE,29.1741,45.766,34.8615
2005,PONTIAC,WAVE,28.8,43.3,33.91
2005,PONTIAC,WAVE,29.6,45.5,35.1232
2005,PONTIAC,WAVE 5,28.8,43.3,33.91
2005,PONTIAC,WAVE 5,29.6,45.5,35.1232
2005,SAAB,SAAB 9-3 SPORT SEDAN,24.3,40.4,29.61
2005,SAAB,SAAB 9-3 SPORT SEDAN,24.2,38.5,29.0566
2005,SAAB,SAAB 9-3 SPORT SEDAN,23.8,36.4,28.1913
2005,SAAB,SAAB 9-3 SPORT SEDAN,23.8,39.9,29.0804
2005,SATURN,ION,25.6,37.2,29.7786
2005,SATURN,ION,27.6149,43.6063,33.0727
2005,SATURN,ION,29.1741,45.766,34.8615
2005,SUBARU,LEGACY AWD,21.0991,32.3197,25.0057
2005,SUBARU,LEGACY AWD,25.0241,38.1096,29.5973
2005,SUBARU,LEGACY AWD,24.9993,38.1044,29.5768
2005,SUBARU,LEGACY AWD,21.2491,32.1107,25.0642
2005,SUZUKI,AERIO,27.8973,39.5,32.1465
2005,SUZUKI,AERIO,27.8,39.6581,32.1222
2005,SUZUKI,AERIO AWD,26.3996,36.6494,30.2004
2005,SUZUKI,FORENZA,24.5996,38.4958,29.3706
2005,SUZUKI,FORENZA,24.7,38.1,29.3442
2005,SUZUKI,RENO,24.5996,38.4958,29.3706
2005,SUZUKI,RENO,24.7,38.1,29.3442
2005,SUZUKI,SWIFT,28.8,43.3,33.91
2005,SUZUKI,SWIFT,29.6,45.5,35.1232
2005,SUZUKI,SWIFT ,28.8,43.3,33.91
2005,SUZUKI,SWIFT ,29.6,45.5,35.1232
2005,TOYOTA,CAMRY SOLARA,25.9,40.6,30.9413
2005,TOYOTA,CAMRY SOLARA,26.6,42.5,31.9847
2005,TOYOTA,CAMRY SOLARA,22.8,37.8,27.7565
2005,TOYOTA,CAMRY SOLARA CONVERTIBLE,22.4,36.8,27.1873
2005,TOYOTA,COROLLA,33.5463,49.0495,39.1089
2005,TOYOTA,COROLLA,35.7499,52.5496,41.7571
2005,TOYOTA,COROLLA,28.5,43.1,33.6258
2005,TOYOTA,ECHO,36.7599,50.3796,41.8513
2005,TOYOTA,ECHO,39.1838,54.263,44.7841
2005,VOLKSWAGEN,GOLF,41.8019,59.3787,48.2258
2005,VOLKSWAGEN,GOLF,35.6357,55.2027,42.3985
2005,VOLKSWAGEN,GOLF,26.7596,38.5009,31.016
2005,VOLKSWAGEN,GOLF,26.6264,39.4047,31.1758
2005,VOLKSWAGEN,GTI,26.8,40.1,31.5017
2005,VOLKSWAGEN,GTI,24.2363,37.2843,28.7665
2005,VOLKSWAGEN,GTI,24,37.4,28.6133
2005,VOLKSWAGEN,JETTA,26.5,39.994,31.2437
2005,VOLKSWAGEN,JETTA,23.4,37.3,28.1147
2005,VOLKSWAGEN,JETTA,24.2363,37.2843,28.7665
2005,VOLKSWAGEN,JETTA,41.8019,59.3787,48.2258
2005,VOLKSWAGEN,JETTA,35.6357,55.2027,42.3985
2005,VOLKSWAGEN,JETTA,26.7596,38.5009,31.016
2005,VOLKSWAGEN,JETTA,26.6264,39.4047,31.1758
2005,VOLKSWAGEN,PASSAT 4MOTION,23.8,38.8,28.8125
2005,VOLKSWAGEN,PASSAT 4MOTION,22.3518,36.7895,27.1457
2005,VOLKSWAGEN,PASSAT 4MOTION,20.578,33.5211,24.9053
2005,VOLVO,S40 AWD,21.6,34.4,25.9441
2005,VOLVO,S40 AWD,22.2,34.6,26.4686
2005,VOLVO,S40 FWD,24,37.5,28.6396
2005,VOLVO,S40 FWD,24.0179,37.8481,28.7446
2005,VOLVO,S40 FWD,24.1,40,29.35
2005,VOLVO,S40 FWD,23.6,37.9,28.4265
2005,VOLVO,S60 AWD,21.4725,33.4684,25.6019
2005,VOLVO,S60 FWD,23.6,37.1,28.2211
2005,VOLVO,S60 FWD,24,37.5,28.6396
2005,VOLVO,S60 FWD,22.9,35.6,27.2792
2005,VOLVO,S60 FWD,22.8,37,27.5596
2005,VOLVO,S60 FWD,23.6,37.9,28.4265
2005,VOLVO,S60 R AWD,20.2,31.3,24.0357
2005,VOLVO,S60 R AWD,19.766,31.162,23.6596
2005,ACURA,RL,20.3,33.0439,24.5629
2005,ACURA,TL,22.5,37,27.3175
2005,ACURA,TL,22.2,36.7,27.0005
2005,AUDI,A6 QUATTRO,19.3355,29.7723,22.957
2005,AUDI,A8,19.4975,31.1008,23.4314
2005,BENTLEY,BENTLEY ARNAGE,11.4,18.5499,13.7922
2005,BMW,525I,21,36.2,25.8924
2005,BMW,525I,20.9,36.2,25.8086
2005,BMW,530I,22.1254,38.153,27.283
2005,BMW,530I,22.2354,37.2131,27.1534
2005,BMW,530I,21.4981,36.8989,26.4696
2005,BMW,545I,18.4,32.4,22.8414
2005,BMW,545I,20.1469,33.7,24.5987
2005,BMW,545I,18.1978,31.2077,22.4
2005,BUICK,CENTURY,22.4,38.2,27.5227
2005,BUICK,LACROSSE/ALLURE,21,34.8,25.5614
2005,BUICK,LACROSSE/ALLURE,22,37.8,27.0968
2005,CADILLAC,CTS,19.3,34.5,24.0727
2005,CADILLAC,CTS,19.513,35.1989,24.4076
2005,CADILLAC,CTS,18.5,34,23.2747
2005,CADILLAC,CTS,16.6318,29.2945,20.6482
2005,CADILLAC,STS,19.287,31.392,23.3364
2005,CADILLAC,STS,18.4995,32.6958,22.9918
2005,CADILLAC,STS AWD,17.6994,28.7986,21.4132
2005,CHEVROLET,CLASSIC,27.6149,43.6063,33.0727
2005,CHEVROLET,EPICA,22.5,35.4,26.9133
2005,CHEVROLET,MALIBU,27.1,44.4,32.8619
2005,CHEVROLET,MALIBU,24.9,41.3,30.3175
2005,CHEVROLET,MONTE CARLO,23.6,40.5,29.0561
2005,CHEVROLET,MONTE CARLO,20.7,36.3,25.6629
2005,CHEVROLET,MONTE CARLO,22.2,38.9,27.5157
2005,CHRYSLER,SEBRING 4-DR,24.6,37.9,29.2132
2005,CHRYSLER,SEBRING 4-DR,17.2,26,20.2904
2005,CHRYSLER,SEBRING 4-DR,17.2,26,20.2904
2005,CHRYSLER,SEBRING 4-DR,23.4,35.2989,27.5843
2005,CHRYSLER,SEBRING 4-DR,23.4,35.2989,27.5843
2005,DODGE,STRATUS 4-DR,24.6,37.9,29.2132
2005,DODGE,STRATUS 4-DR,17.2,26,20.2904
2005,DODGE,STRATUS 4-DR,17.2,26,20.2904
2005,DODGE,STRATUS 4-DR,23.4,35.2989,27.5843
2005,DODGE,STRATUS 4-DR,23.4,35.2989,27.5843
2005,FERRARI,FERRARI 612 SCAGLIETTI,11.8,21.3,14.763
2005,FERRARI,FERRARI 612 SCAGLIETTI,11.3991,21.5499,14.4653
2005,HONDA,ACCORD,26.3641,43.3201,32.0005
2005,HONDA,ACCORD,28.9914,43.5319,34.1199
2005,HONDA,ACCORD,23.4385,38.4844,28.4424
2005,HONDA,ACCORD,22.6,38.1,27.6646
2005,HYUNDAI,ELANTRA,27.1,41.4,32.0875
2005,HYUNDAI,ELANTRA,29.7459,43.5963,34.7079
2005,HYUNDAI,SONATA,24,38.4,28.8722
2005,HYUNDAI,SONATA,24.9,39.1,29.7643
2005,HYUNDAI,SONATA,21.6,35.2,26.1458
2005,HYUNDAI,SONATA,22.4,34.7,26.6511
2005,HYUNDAI,XG350,19.9,33.3,24.3003
2005,INFINITI,Q45,19.4092,30.1121,23.1047
2005,JAGUAR,JAGUAR S-TYPE 3.0 LITRE,20.1995,33.4997,24.5934
2005,JAGUAR,JAGUAR S-TYPE 3.0 LITRE,20,33.2,24.358
2005,JAGUAR,JAGUAR S-TYPE 4.2 LITRE,20.4499,35.4997,25.2709
2005,JAGUAR,JAGUAR S-TYPE R,19.2488,31.2499,23.2703
2005,JAGUAR,JAGUAR X-TYPE SPORT BRAKE,20.8995,33.6988,25.208
2005,JAGUAR,JAGUAR X-TYPE SPORT BRAKE,21.5,34.9,25.9906
2005,JAGUAR,JAGUAR X-TYPE SPORT BRAKE,19.7995,31.3,23.7217
2005,JAGUAR,JAGUAR X-TYPE SPORT BRAKE,20.4,34.3,24.9499
2005,KIA,KIA OPTIMA,24.2,38.5,29.0566
2005,KIA,KIA OPTIMA,25.1,38.4,29.7344
2005,KIA,KIA OPTIMA,22.6,35.1,26.913
2005,KIA,KIA OPTIMA,22.6,35.6,27.044
2005,KIA,KIA SPECTRA,26.7501,43.4688,32.3489
2005,KIA,KIA SPECTRA,27.4,41.7,32.3998
2005,LEXUS,ES 330,22.8,37.8,27.7565
2005,LEXUS,GS 300/GS 430,19.9726,31.8922,24.0109
2005,LEXUS,GS 300/GS 430,19.4718,29.9479,23.1096
2005,LINCOLN-MERCURY,LS,21.7,33.8,25.867
2005,LINCOLN-MERCURY,LS,21.7,33.8,25.867
2005,LINCOLN-MERCURY,LS,19.7,30.8,23.5133
2005,LINCOLN-MERCURY,LS,19.3468,31.1,23.3111
2005,LINCOLN-MERCURY,SABLE,22.1,34.6,26.3903
2005,LINCOLN-MERCURY,SABLE,22.2,34.6,26.4686
2005,LINCOLN-MERCURY,SABLE,16.3,26,19.5886
2005,LINCOLN-MERCURY,SABLE,21.6,34.6,25.9951
2005,MAZDA,MAZDA 6,26.0349,39.8387,30.8442
2005,MAZDA,MAZDA 6,25.0942,36.5461,29.2136
2005,MAZDA,MAZDA 6,21.2925,33.9386,25.582
2005,MAZDA,MAZDA 6,21.7672,34.823,26.185
2005,MERCEDES-BENZ,E320,22,35.6,26.5672
2005,MERCEDES-BENZ,E320 4MATIC,21,31.8,24.7884
2005,MERCEDES-BENZ,E320 CDI,29.5,47.1,35.4632
2005,MERCEDES-BENZ,E500,18.7,31.7,22.9319
2005,MERCEDES-BENZ,E500 4MATIC,17.8,26.1,20.7726
2005,MERCEDES-BENZ,E55 AMG,15.7842,26.9499,19.4014
2005,MITSUBISHI,DIAMANTE SEDAN,18.9,32.1,23.1915
2005,MITSUBISHI,GALANT,25.3423,38.0843,29.834
2005,MITSUBISHI,GALANT,20.6177,34.158,25.094
2005,NISSAN,ALTIMA,26.0375,37.7502,30.2628
2005,NISSAN,ALTIMA,26.6,40.2,31.3768
2005,NISSAN,ALTIMA,23.8,34.8,27.7467
2005,NISSAN,ALTIMA,22.2,36.2,26.8776
2005,NISSAN,ALTIMA,22.6,38.7,27.8054
2005,NISSAN,MAXIMA,22.6,37.7,27.569
2005,NISSAN,MAXIMA,22.2,36.5,26.9516
2005,PONTIAC,GRAND PRIX,20.7,36.3,25.6629
2005,PONTIAC,GRAND PRIX,22.0747,38.2058,27.2526
2005,PONTIAC,GRAND PRIX,20.0349,34.1053,24.6023
2005,ROLLS-ROYCE,PHANTOM,13.7238,23.8,16.9538
2005,SAAB,SAAB 9-5,22.1079,38.642,27.3797
2005,SAAB,SAAB 9-5,21.0232,36.4234,25.9631
2005,SATURN,L300,22.9,35.9,27.3581
2005,SUZUKI,VERONA,22.5,35.4,26.9133
2005,TOYOTA,CAMRY,26.9016,43.4403,32.4634
2005,TOYOTA,CAMRY,26.6,42.5,31.9847
2005,TOYOTA,CAMRY,22.5,36.2,27.1184
2005,TOYOTA,CAMRY,22.8,37.8,27.7565
2005,TOYOTA,PRIUS,66.6,64.8,65.7778
2005,VOLKSWAGEN,PASSAT,24.4,39.7,29.5194
2005,VOLKSWAGEN,PASSAT,23.8,38.9,28.8373
2005,VOLKSWAGEN,PASSAT,29.9,48.4,36.1113
2005,VOLKSWAGEN,PASSAT,21.9,36.1,26.6102
2005,VOLKSWAGEN,PASSAT,21.5,34.5,25.8901
2005,VOLVO,S80 AWD,21.3,33.2,25.3963
2005,VOLVO,S80 FWD,23.2,38,28.1302
2005,VOLVO,S80 FWD,20.294,33.6827,24.7148
2005,AUDI,A8 L,19.4975,31.1008,23.4314
2005,AUDI,A8 L,16.3,26.3,19.6647
2005,BENTLEY,BENTLEY ARNAGE LWB,11.4,18.5499,13.7922
2005,BMW,745I,20,33.5,24.4303
2005,BMW,745LI,20,33.5,24.4303
2005,BMW,760I,16.2814,28.9089,20.2646
2005,BMW,760LI,16.2814,28.9089,20.2646
2005,BUICK,LESABRE,22,37.8,27.0968
2005,BUICK,PARK AVENUE,20.7,36.3,25.6629
2005,BUICK,PARK AVENUE,22,37.8,27.0968
2005,CADILLAC,ARMORED DEVILLE,15.7183,25.3807,18.9677
2005,CADILLAC,DEVILLE,19.6,33.9,24.1922
2005,CADILLAC,DEVILLE,19.6,33.9,24.1922
2005,CADILLAC,FUNERAL COACH/HEARSE,15.7183,25.3807,18.9677
2005,CADILLAC,LIMOUSINE,16.6,27.2,20.1302
2005,CHEVROLET,IMPALA,23.6,40.5,29.0561
2005,CHEVROLET,IMPALA,20.7,36.3,25.6629
2005,CHEVROLET,IMPALA,22.0259,37.9399,27.1507
2005,CHEVROLET,MALIBU MAXX,24.9,41.3,30.3175
2005,CHRYSLER,300C AWD,18.8,30.8,22.7969
2005,CHRYSLER,300C AWD,19.2,30.6,23.0671
2005,CHRYSLER,300C/SRT-8,23.1,35.8989,27.5143
2005,CHRYSLER,300C/SRT-8,21.5,34.2,25.8136
2005,CHRYSLER,300C/SRT-8,18.7979,31.4992,22.9649
2005,FORD,CROWN VICTORIA,19.8831,32.0675,23.9839
2005,FORD,FIVE HUNDRED AWD,21.1499,32.6972,25.1462
2005,FORD,FIVE HUNDRED FWD,22,35.2,26.4662
2005,FORD,FIVE HUNDRED FWD,23.4,37,28.0376
2005,FORD,TAURUS,22.1,34.6,26.3903
2005,FORD,TAURUS,22.2,34.6,26.4686
2005,FORD,TAURUS,16.3,26,19.5886
2005,FORD,TAURUS,21.6,34.6,25.9951
2005,JAGUAR,JAGUAR SUPER V8,19.2488,31.2499,23.2703
2005,JAGUAR,JAGUAR VDP LWB,19.6995,34.4988,24.412
2005,JAGUAR,JAGUAR XJ8    4.2 LITRE,20.4499,35.4997,25.2709
2005,JAGUAR,JAGUAR XJ8L,20.4499,35.4997,25.2709
2005,JAGUAR,JAGUAR XJR    4.2 LITRE,19.1,31.2499,23.1504
2005,KIA,KIA AMANTI,18.8,31.9,23.0617
2005,LEXUS,LS 430,19.7581,31.8074,23.8184
2005,LINCOLN-MERCURY,GRAND MARQUIS,19.8831,32.0675,23.9839
2005,LINCOLN-MERCURY,MONTEGO   AWD,21.1499,32.6972,25.1462
2005,LINCOLN-MERCURY,MONTEGO   FWD,22,35.2,26.4662
2005,LINCOLN-MERCURY,MONTEGO   FWD,23.4,37,28.0376
2005,LINCOLN-MERCURY,TOWN CAR,19.8831,32.0675,23.9839
2005,MASERATI,MASERATI QUATTROPORTE,13.7,19.8499,15.9195
2005,MERCEDES-BENZ,MAYBACH 57,13.3,22.2,16.2275
2005,MERCEDES-BENZ,MAYBACH 62,13.4,21.9,16.2357
2005,MERCEDES-BENZ,S430,19.4,33.5,23.933
2005,MERCEDES-BENZ,S430 4MATIC,18.4,28.5,21.891
2005,MERCEDES-BENZ,S500,17.8,30.5,21.9044
2005,MERCEDES-BENZ,S500 4MATIC,17.4,27.6,20.8709
2005,MERCEDES-BENZ,S55 AMG,15.8943,27.9499,19.7224
2005,MERCEDES-BENZ,S600,13.8,23.9,17.0406
2005,PONTIAC,BONNEVILLE,22,37.8,27.0968
2005,PONTIAC,BONNEVILLE,19.6,33.9,24.1922
2005,VOLKSWAGEN,PHAETON,17.4,28.5986,21.1219
2005,VOLKSWAGEN,PHAETON,13.6,24,16.8944
2005,AUDI,A4 AVANT QUATTRO,23.6,38.9,28.6753
2005,AUDI,A4 AVANT QUATTRO,22.4655,36.8743,27.2586
2005,AUDI,A4 AVANT QUATTRO,20.3754,33.4805,24.7317
2005,AUDI,A4 AVANT QUATTRO,20.2445,32.9971,24.5065
2005,AUDI,S4 AVANT,16.5105,27.1174,20.0375
2005,AUDI,S4 AVANT,19.5,30.3,23.2252
2005,BMW,325I SPORT WAGON,22.6,37.8,27.593
2005,BMW,325I SPORT WAGON,21.3158,34.7275,25.7995
2005,BMW,325XI SPORT WAGON,21.1,33.7,25.3682
2005,BMW,325XI SPORT WAGON,21.4,33.4,25.5271
2005,CHEVROLET,OPTRA WAGON,22.5,35.9,27.0422
2005,CHEVROLET,OPTRA WAGON,22.7,37.9,27.699
2005,MERCEDES-BENZ,C240 4MATIC (WAGON),20.6,30.2,24.0386
2005,MERCEDES-BENZ,C240 FFV (WAGON),16,23.8,18.7679
2005,MERCEDES-BENZ,C240 FFV (WAGON),21.8,32.4,25.5635
2005,MITSUBISHI,LANCER SPORTBACK,24.8441,36.6055,29.0433
2005,PONTIAC,VIBE,31.7,43.8,36.2002
2005,PONTIAC,VIBE,28.5,40.3,32.8251
2005,PONTIAC,VIBE,33.5,46.6,38.3516
2005,PONTIAC,VIBE,28.3,41.1,32.9126
2005,SAAB,9-2X WAGON AWD,21.0943,31.8538,24.8754
2005,SAAB,9-2X WAGON AWD,21.6982,33.6772,25.8332
2005,SAAB,9-2X WAGON AWD,25.4,37,29.5721
2005,SAAB,9-2X WAGON AWD,24.9,37.7,29.3904
2005,SUBARU,IMPREZA WGN/OUTBACK SPT AWD,21.3632,32.8686,25.3575
2005,SUBARU,IMPREZA WGN/OUTBACK SPT AWD,21.9711,34.4961,26.262
2005,SUBARU,IMPREZA WGN/OUTBACK SPT AWD,24.8623,36.2274,28.9492
2005,SUBARU,IMPREZA WGN/OUTBACK SPT AWD,25.0241,38.1096,29.5973
2005,SUZUKI,AERIO SX,27.5,39.1,31.737
2005,SUZUKI,AERIO SX,27.8,39.6,32.105
2005,SUZUKI,AERIO SX AWD,26.3996,36.6494,30.2004
2005,SUZUKI,FORENZA WAGON,22.5,35.9,27.0422
2005,SUZUKI,FORENZA WAGON,22.7,37.9,27.699
2005,TOYOTA,COROLLA MATRIX,31.562,43.6281,36.0484
2005,TOYOTA,COROLLA MATRIX,28.5,40.3,32.8251
2005,TOYOTA,COROLLA MATRIX,33.36,46.4691,38.2107
2005,TOYOTA,COROLLA MATRIX,28.1804,40.3986,32.6199
2005,TOYOTA,SCION XB,34.6,44.7,38.5162
2005,TOYOTA,SCION XB,34.3,43.5,37.9078
2005,VOLKSWAGEN,JETTA WAGON,26.5,39.994,31.2437
2005,VOLKSWAGEN,JETTA WAGON,24.2363,37.2843,28.7665
2005,VOLKSWAGEN,JETTA WAGON,40.5,60.2,47.4939
2005,VOLKSWAGEN,JETTA WAGON,35.6357,55.2027,42.3985
2005,VOLKSWAGEN,JETTA WAGON,25.2981,37.637,29.6761
2005,VOLKSWAGEN,JETTA WAGON,26.5131,38.907,30.9497
2005,VOLVO,V50 AWD,21.6,34.4,25.9441
2005,VOLVO,V50 AWD,21.4725,33.4684,25.6019
2005,VOLVO,V50 FWD,24,37.5,28.6396
2005,VOLVO,V50 FWD,24.0179,37.8481,28.7446
2005,VOLVO,V50 FWD,24.1,40,29.35
2005,VOLVO,V50 FWD,23.6,37.9,28.4265
2005,FORD,FOCUS STATION WAG,28.5595,40.6,32.9578
2005,FORD,FOCUS STATION WAG,28.4,44.4,33.8968
2005,FORD,TAURUS WAGON,21.1,32.6,25.0815
2005,FORD,TAURUS WAGON,20.8,34.1,25.2278
2005,FORD,TAURUS WAGON,15.6,24.6,18.6745
2005,FORD,TAURUS WAGON,20.7,32.8,24.8203
2005,LINCOLN-MERCURY,SABLE WAGON,21.1,32.6,25.0815
2005,LINCOLN-MERCURY,SABLE WAGON,20.8,34.1,25.2278
2005,LINCOLN-MERCURY,SABLE WAGON,15.6,24.6,18.6745
2005,LINCOLN-MERCURY,SABLE WAGON,20.7,32.8,24.8203
2005,MAZDA,MAZDA 6 SPORT WAGON,21.2925,33.9386,25.582
2005,MAZDA,MAZDA 6 SPORT WAGON,21.7672,34.823,26.185
2005,MERCEDES-BENZ,E320 (WAGON),21.9,35.3,26.4117
2005,MERCEDES-BENZ,E320 4MATIC (WAGON),20.4,30.8,24.0551
2005,MERCEDES-BENZ,E500 4MATIC (WAGON),17.6,25.5,20.4511
2005,MERCEDES-BENZ,E55 AMG (WAGON),15.9975,26.6454,19.505
2005,SAAB,SAAB 9-5 WAGON,22.1079,38.642,27.3797
2005,SAAB,SAAB 9-5 WAGON,21.0232,36.4234,25.9631
2005,SATURN,LW300,22.9,35.9,27.3581
2005,SUBARU,LEGACY WAGON AWD,21.0991,32.3197,25.0057
2005,SUBARU,LEGACY WAGON AWD,25.0241,38.1096,29.5973
2005,SUBARU,LEGACY WAGON AWD,24.9993,38.1044,29.5768
2005,SUBARU,LEGACY WAGON AWD,20.9863,31.499,24.6951
2005,VOLKSWAGEN,PASSAT WAGON,24.4,39.7,29.5194
2005,VOLKSWAGEN,PASSAT WAGON,23.8,38.9,28.8373
2005,VOLKSWAGEN,PASSAT WAGON,29.9,48.4,36.1113
2005,VOLKSWAGEN,PASSAT WAGON,21.9,36.1,26.6102
2005,VOLKSWAGEN,PASSAT WAGON,21.5,34.5,25.8901
2005,VOLKSWAGEN,PASSAT WAGON 4MOTION,23.8,38.8,28.8125
2005,VOLKSWAGEN,PASSAT WAGON 4MOTION,22.3518,36.7895,27.1457
2005,VOLKSWAGEN,PASSAT WAGON 4MOTION,20.578,33.5211,24.9053
2005,VOLVO,V70 AWD,21.4725,33.4684,25.6019
2005,VOLVO,V70 FWD,23.0978,36.097,27.5648
2005,VOLVO,V70 FWD,24,37.5,28.6396
2005,VOLVO,V70 FWD,21.8,33.6,25.8918
2005,VOLVO,V70 FWD,21.6,33.3,25.6565
2005,VOLVO,V70 FWD,23.2,38,28.1302
2005,VOLVO,V70 R AWD,20.2,31.3,24.0357
2005,VOLVO,V70 R AWD,19.766,31.162,23.6596
2005,CHEVROLET,C15 SILVERADO HYBRID 2WD,19.8,26.6,22.3738
2005,CHEVROLET,C1500 SILVERADO 2WD,17.8402,26.9497,21.0407
2005,CHEVROLET,C1500 SILVERADO 2WD,17.7999,27.6999,21.2113
2005,CHEVROLET,C1500 SILVERADO 2WD,18.2996,26.7837,21.3417
2005,CHEVROLET,C1500 SILVERADO 2WD,18.7,28,21.9861
2005,CHEVROLET,C1500 SILVERADO 2WD,17.437,26.2294,20.5345
2005,CHEVROLET,C1500 SILVERADO 2WD,13.42,20.4471,15.8751
2005,CHEVROLET,C1500 SILVERADO 2WD,17.8203,26.9206,21.0175
2005,CHEVROLET,C1500 SILVERADO 2WD,16.7,25.1,19.6609
2005,CHEVROLET,C2500 HD SILVERADO 2WD,10.1,15.2,11.8962
2005,CHEVROLET,COLORADO 2WD,19.7416,31.6318,23.7608
2005,CHEVROLET,COLORADO 2WD,23.0526,33.9768,26.9521
2005,CHEVROLET,COLORADO 2WD,20.0972,29.9958,23.6021
2005,CHEVROLET,COLORADO 2WD,21.3407,32.2173,25.1635
2005,CHEVROLET,COLORADO CREW CAB 2WD,19.7,31.8,23.7701
2005,CHEVROLET,COLORADO CREW CAB 2WD,22.9,33.9,26.8155
2005,CHEVROLET,COLORADO CREW CAB 2WD,20,29.9,23.5017
2005,CHEVROLET,SSR PICKUP 2WD,16.7,25.1,19.6609
2005,CHEVROLET,SSR PICKUP 2WD,14.5,25.8,18.0594
2005,DODGE,DAKOTA PICKUP 2WD,18.1,28.1,21.5513
2005,DODGE,DAKOTA PICKUP 2WD,19.0916,27.8427,22.2307
2005,DODGE,DAKOTA PICKUP 2WD,16.7,25.5,19.7702
2005,DODGE,RAM 1500 PICKUP 2WD,17.7,26.9,20.9196
2005,DODGE,RAM 1500 PICKUP 2WD,19.0436,27.0967,21.9527
2005,DODGE,RAM 1500 PICKUP 2WD,15.3907,23.8693,18.3188
2005,DODGE,RAM 1500 PICKUP 2WD,15.0979,24.0949,18.1472
2005,DODGE,RAM 1500 PICKUP 2WD,10,15.7,11.9528
2005,DODGE,RAM 1500 PICKUP 2WD,10.4734,18.7,13.0586
2005,FORD,EXPLORER SPORT TRAC 2WD FFV,12.2309,19.2218,14.6244
2005,FORD,EXPLORER SPORT TRAC 2WD FFV,16.2847,25.5762,19.4672
2005,FORD,F150 PICKUP 2WD,16.9,25.4,19.8962
2005,FORD,F150 PICKUP 2WD,16.4,25.7,19.5901
2005,FORD,F150 PICKUP 2WD,16.3124,24.2686,19.1355
2005,FORD,F150 PICKUP 2WD,15.8603,23.9027,18.6902
2005,FORD,RANGER PICKUP 2WD,24.2416,33.4997,27.6846
2005,FORD,RANGER PICKUP 2WD,26.1399,37.0781,30.1412
2005,FORD,RANGER PICKUP 2WD,19.7006,28.7013,22.9376
2005,FORD,RANGER PICKUP 2WD,19.8998,29.1004,23.2007
2005,FORD,RANGER PICKUP 2WD,18.8,28.6,22.2274
2005,FORD,RANGER PICKUP 2WD,19.7,29.3,23.1069
2005,GMC,C15 SIERRA HYBRID 2WD,19.8,26.6,22.3738
2005,GMC,C1500 SIERRA 2WD,17.9,27.1,21.1276
2005,GMC,C1500 SIERRA 2WD,17.8,27.7,21.2114
2005,GMC,C1500 SIERRA 2WD,18.2996,26.8128,21.3501
2005,GMC,C1500 SIERRA 2WD,18.7,28,21.9861
2005,GMC,C1500 SIERRA 2WD,17.4477,26.2379,20.545
2005,GMC,C1500 SIERRA 2WD,16.7,25.1,19.6609
2005,GMC,C2500 HD SIERRA 2WD,10.1,15.2,11.8962
2005,GMC,CANYON 2WD,19.7508,31.5951,23.7588
2005,GMC,CANYON 2WD,23.1316,34.0164,27.0227
2005,GMC,CANYON 2WD,20.1224,30.0223,23.6287
2005,GMC,CANYON 2WD,21.3341,32.2305,25.1621
2005,GMC,CANYON CREW CAB 2WD,19.7,31.8,23.7701
2005,GMC,CANYON CREW CAB 2WD,22.9,33.9,26.8155
2005,GMC,CANYON CREW CAB 2WD,20,29.9,23.5017
2005,MAZDA,B2300 2WD,24.2416,33.4997,27.6846
2005,MAZDA,B2300 2WD,26.1399,37.0781,30.1412
2005,MAZDA,B3000,19.6574,28.6723,22.897
2005,MAZDA,B3000,19.7918,29.3118,23.1796
2005,NISSAN,TITAN 2WD,15.4722,23.7749,18.3569
2005,TOYOTA,TOYOTA TACOMA 2WD,23.006,33.9082,26.8977
2005,TOYOTA,TOYOTA TACOMA 2WD,22.4996,34.6,26.7018
2005,TOYOTA,TOYOTA TACOMA 2WD,20.5,28.6,23.4943
2005,TOYOTA,TOYOTA TACOMA 2WD,17.7,26.3,20.7539
2005,TOYOTA,TOYOTA TUNDRA 2WD,20.372,28.4087,23.3437
2005,TOYOTA,TOYOTA TUNDRA 2WD,17.5538,25.7778,20.4964
2005,TOYOTA,TOYOTA TUNDRA 2WD,17.4727,23.6358,19.7955
2005,CHEVROLET,COLORADO 4WD,19,29.4,22.5971
2005,CHEVROLET,COLORADO 4WD,21,30,24.2775
2005,CHEVROLET,COLORADO 4WD,19.8,28.7,23.0111
2005,CHEVROLET,COLORADO 4WD,20.7,30.6,24.2272
2005,CHEVROLET,COLORADO CREW CAB 4WD,19,29.4,22.5971
2005,CHEVROLET,COLORADO CREW CAB 4WD,21,30,24.2775
2005,CHEVROLET,COLORADO CREW CAB 4WD,19.3,28.8,22.6642
2005,CHEVROLET,K15 SILVERADO HYBRID 4WD,18.9,24.4,21.0335
2005,CHEVROLET,K1500 SILVERADO 4WD,15.8013,23.1462,18.4336
2005,CHEVROLET,K1500 SILVERADO 4WD,16.485,25.0228,19.4752
2005,CHEVROLET,K1500 SILVERADO 4WD,17.435,25.2304,20.2505
2005,CHEVROLET,K1500 SILVERADO 4WD,17.3,25.5,20.227
2005,CHEVROLET,K1500 SILVERADO 4WD,16.4097,23.783,19.0703
2005,CHEVROLET,K1500 SILVERADO 4WD,12.3953,17.9977,14.4145
2005,CHEVROLET,K1500 SILVERADO 4WD,16.493,24.0954,19.2222
2005,CHEVROLET,K1500 SILVERADO AWD,15.2,20.7329,17.2745
2005,CHEVROLET,K2500 HD SILVERADO 4WD,10.1,15.1,11.8685
2005,DODGE,DAKOTA PICKUP 4WD,16.9094,24.5096,19.6516
2005,DODGE,DAKOTA PICKUP 4WD,18.1978,25.7452,20.9633
2005,DODGE,RAM 1500 PICKUP 4WD,15.1735,22.832,17.871
2005,DODGE,RAM 1500 PICKUP 4WD,14.4742,22.7247,17.3008
2005,FORD,EXPLORER SPORT TRAC 4WD FFV,11.9895,18.6247,14.2786
2005,FORD,EXPLORER SPORT TRAC 4WD FFV,16.0105,25.0931,19.1257
2005,FORD,F150 PICKUP 4WD,15.2135,22.5054,17.8103
2005,FORD,F150 PICKUP 4WD,15.7,22.9,18.2874
2005,FORD,RANGER PICKUP 4WD,17.9994,25.5965,20.774
2005,FORD,RANGER PICKUP 4WD,18.9979,26.3491,21.7255
2005,FORD,RANGER PICKUP 4WD,17.2328,25.1826,20.0862
2005,FORD,RANGER PICKUP 4WD,17.2669,24.1445,19.8057
2005,GMC,CANYON 4WD,19,29.4,22.5971
2005,GMC,CANYON 4WD,21,30,24.2775
2005,GMC,CANYON 4WD,19.8,28.7,23.0111
2005,GMC,CANYON 4WD,20.7,30.6,24.2272
2005,GMC,CANYON CREW CAB 4WD,19,29.4,22.5971
2005,GMC,CANYON CREW CAB 4WD,21,30,24.2775
2005,GMC,CANYON CREW CAB 4WD,19.3,28.8,22.6642
2005,GMC,K15 SIERRA HYBRID 4WD,18.9,24.4,21.0335
2005,GMC,K1500 SIERRA 4WD,16.1275,23.6835,18.831
2005,GMC,K1500 SIERRA 4WD,16.582,25.1393,19.5815
2005,GMC,K1500 SIERRA 4WD,17.5993,24.8017,20.2449
2005,GMC,K1500 SIERRA 4WD,17.3,25.5,20.227
2005,GMC,K1500 SIERRA 4WD,16.4606,23.8213,19.1191
2005,GMC,K1500 SIERRA AWD,15.2,20.7329,17.2745
2005,GMC,K2500 HD SIERRA 4WD,10.1,15.1,11.8685
2005,MAZDA,B4000 4WD,17.2328,25.1826,20.0862
2005,MAZDA,B4000 4WD,17.2669,24.1445,19.8057
2005,NISSAN,TITAN 4WD,15,23.2217,17.8427
2005,TOYOTA,TOYOTA TACOMA 4WD,20.8,29.3,23.9231
2005,TOYOTA,TOYOTA TACOMA 4WD,19.2517,27.2833,22.1913
2005,TOYOTA,TOYOTA TACOMA 4WD,17.4,25.4,20.2734
2005,TOYOTA,TOYOTA TUNDRA 4WD,16.6154,22.8704,18.9473
2005,CHEVROLET,ASTRO 2WD (CARGO),18.3,28.1,21.7066
2005,CHEVROLET,ASTRO 2WD (CARGO) CONV,17.7,26.6,20.8374
2005,CHEVROLET,ASTRO AWD (CARGO),16.8,24.8,19.6528
2005,CHEVROLET,ASTRO AWD (CARGO) CONV,15.1,22,17.5814
2005,CHEVROLET,G15/25CHEV VAN 2WD CONV,15.8,23.5,18.5326
2005,CHEVROLET,G15/25CHEV VAN 2WD CONV,15.5,22.9,18.1375
2005,CHEVROLET,G1500/2500 CHEVY VAN 2WD,17.4797,26.2164,20.5635
2005,CHEVROLET,G1500/2500 CHEVY VAN 2WD,16.8269,25.6272,19.9023
2005,CHEVROLET,H1500 CHEVY VAN AWD CONV,16.4,25.4,19.511
2005,CHEVROLET,H1500/2500 CHEVY VAN AWD,16.3,23.7,18.9647
2005,FORD,E150 ECONOLINE 2WD,16.6,24.7,19.4738
2005,FORD,E150 ECONOLINE 2WD,15.6,22.2,18.0094
2005,FORD,E250 ECONOLINE 2WD,16.2,24.1,19.0032
2005,GMC,G15/25 SAVANA 2WD CARGO CONV,15.8,23.5,18.5326
2005,GMC,G15/25 SAVANA 2WD CARGO CONV,15.5,22.9,18.1375
2005,GMC,G1500/2500 SAVANA 2WD CARGO,17.0679,25.5035,20.0526
2005,GMC,G1500/2500 SAVANA 2WD CARGO,16.8355,25.6359,19.9114
2005,GMC,H15/25 SAVANA AWD CARGO CONV,16.4,25.4,19.511
2005,GMC,H1500/2500 SAVANA CARGO AWD,16.3,23.7,18.9647
2005,GMC,SAFARI 2WD (CARGO),18.3,28.1,21.7066
2005,GMC,SAFARI 2WD (CARGO) CONV,17.7,26.6,20.8374
2005,GMC,SAFARI AWD (CARGO),16.8,24.8,19.6528
2005,GMC,SAFARI AWD (CARGO) CONV,15.1,22,17.5814
2005,CHEVROLET,ASTRO 2WD (PASSENGER),17.9,27.1,21.1276
2005,CHEVROLET,ASTRO AWD (PASSENGER),15.1,22,17.5814
2005,CHEVROLET,G1500/2500 CHEVY EXPRESS 2WD,16.6,24.7,19.4738
2005,CHEVROLET,G1500/2500 CHEVY EXPRESS 2WD,15.5,22.9,18.1375
2005,CHEVROLET,H1500 CHEVY EXPRESS AWD,16.4,25.4,19.511
2005,FORD,E150 CLUB WAGON,16.2,24.1,19.0032
2005,FORD,E150 CLUB WAGON,14.4,21.3,16.8574
2005,GMC,G1500/2500 SAVANA 2WD PASSEN,16.6,24.7,19.4738
2005,GMC,G1500/2500 SAVANA 2WD PASSEN,15.5,22.9,18.1375
2005,GMC,H1500 SAVANA PASS VAN AWD,16.4,25.4,19.511
2005,GMC,SAFARI 2WD (PASSENGER),17.9,27.1,21.1276
2005,GMC,SAFARI AWD (PASSENGER),15.1,22,17.5814
2005,BUICK,TERRAZA FWD,19.7,31.3,23.643
2005,CHEVROLET,UPLANDER FWD,19.7,31.3,23.643
2005,CHEVROLET,VENTURE FWD,20.8,33.4,25.053
2005,CHRYSLER,TOWN & COUNTRY 2WD,20.6615,32.9467,24.8274
2005,CHRYSLER,TOWN & COUNTRY 2WD,19.5,31.9,23.6341
2005,DODGE,CARAVAN 2WD,21.8,33.5481,25.878
2005,DODGE,CARAVAN 2WD,21.4,33.8482,25.6439
2005,DODGE,CARAVAN 2WD,19.5,31.9,23.6341
2005,FORD,FREESTAR CARGO VAN FWD,19.9,29.9,23.4256
2005,FORD,FREESTAR CARGO VAN FWD,19.3105,29.115,22.7594
2005,FORD,FREESTAR WAGON FWD,19.9,29.9,23.4256
2005,FORD,FREESTAR WAGON FWD,19.2845,29.0712,22.7275
2005,HONDA,ODYSSEY 2WD,21.7,36.1,26.4473
2005,HONDA,ODYSSEY 2WD,20.9,32.5,24.8992
2005,KIA,KIA SEDONA,17.6,28.7,21.3086
2005,MAZDA,MPV,19.9828,31.7766,23.9894
2005,MERCURY,MONTEREY WAGON FWD,19.3105,29.115,22.7594
2005,NISSAN,QUEST,21,33.3,25.1864
2005,NISSAN,QUEST,20.2346,32.3398,24.3333
2005,PONTIAC,MONTANA FWD,20.8,33.4,25.053
2005,PONTIAC,MONTANA SVX FWD,19.7,31.3,23.643
2005,SATURN,RELAY FWD,19.7,31.3,23.643
2005,TOYOTA,SIENNA 2WD,20.8,33.5,25.0783
2005,BUICK,TERRAZA AWD,18.9,29,22.4126
2005,CHEVROLET,UPLANDER AWD,18.9,29,22.4126
2005,PONTIAC,MONTANA SVX AWD,18.9,29,22.4126
2005,SATURN,RELAY AWD,18.9,29,22.4126
2005,TOYOTA,SIENNA 4WD,20.2308,30.5213,23.8492
2005,BUICK,RAINIER 2WD,17.5,27.4,20.8978
2005,BUICK,RAINIER 2WD,17.4,26.2,20.4982
2005,BUICK,RENDEZVOUS FWD,20.8,33.4,25.053
2005,BUICK,RENDEZVOUS FWD,20.4,34.1,24.9021
2005,CADILLAC,ESCALADE 2WD,16.8,25.6,19.8743
2005,CADILLAC,ESCALADE 2WD,15.8,22.9,18.3618
2005,CADILLAC,SRX 2WD,18.2995,29.9459,22.1815
2005,CADILLAC,SRX 2WD,16.7,29.3776,20.7246
2005,CHEVROLET,BLAZER 2WD,18.3,28.1,21.7066
2005,CHEVROLET,BLAZER 2WD,17.3,27.9,20.8677
2005,CHEVROLET,C1500 AVALANCHE 2WD,12,18.5,14.2536
2005,CHEVROLET,C1500 AVALANCHE 2WD,16,24.4,18.9331
2005,CHEVROLET,C1500 SUBURBAN 2WD,12.7,18.8,14.8714
2005,CHEVROLET,C1500 SUBURBAN 2WD,16.8,24.9,19.681
2005,CHEVROLET,C1500 TAHOE 2WD,17.3,25.6,20.2552
2005,CHEVROLET,C1500 TAHOE 2WD,16.8,25.6,19.8743
2005,CHEVROLET,C1500 TAHOE 2WD,12.7,18.8,14.8714
2005,CHEVROLET,C1500 TAHOE 2WD,16.8,24.9,19.681
2005,CHEVROLET,EQUINOX FWD,20.6,32,24.5329
2005,CHEVROLET,TRAILBLAZER 2WD,17.5,27.4,20.8978
2005,CHEVROLET,TRAILBLAZER EXT 2WD,16.3,24.7,19.2452
2005,CHEVROLET,TRAILBLAZER EXT 2WD,16.5498,25.8,19.7336
2005,CHRYSLER,PACIFICA 2WD,18.6499,29.526,22.3556
2005,CHRYSLER,PACIFICA 2WD,19.5,31.9,23.6341
2005,CHRYSLER,PT CRUISER,23,34.1,26.9473
2005,CHRYSLER,PT CRUISER,23.7,34.1,27.4701
2005,CHRYSLER,PT CRUISER,25.2,34.9,28.8024
2005,CHRYSLER,PT CRUISER,26.5499,36.6858,30.3195
2005,CHRYSLER,PTCRUISER CONV/CABRIO,23,34.1,26.9473
2005,CHRYSLER,PTCRUISER CONV/CABRIO,23.7,34.1,27.4701
2005,CHRYSLER,PTCRUISER CONV/CABRIO,25.2,34.9,28.8024
2005,CHRYSLER,PTCRUISER CONV/CABRIO,26.5499,36.6858,30.3195
2005,DODGE,DURANGO 2WD,17.7,26.9,20.9196
2005,DODGE,DURANGO 2WD,15.4,23.9,18.3342
2005,DODGE,DURANGO 2WD,15.1,24.1,18.1501
2005,DODGE,MAGNUM,23.1,35.8989,27.5143
2005,DODGE,MAGNUM,21.5,34.2,25.8136
2005,DODGE,MAGNUM,18.7979,31.4992,22.9649
2005,FORD,ESCAPE 2WD,24,32.2,27.1063
2005,FORD,ESCAPE 2WD,27,37.8,30.9836
2005,FORD,ESCAPE 2WD,21.8,31.5,25.3068
2005,FORD,ESCAPE HEV 2WD,39.6,39.4423,39.5289
2005,FORD,EXPEDITION 2WD,15.4,24.4,18.4649
2005,FORD,EXPLORER 2WD,17.2832,26.4494,20.4765
2005,FORD,EXPLORER 2WD,16.2847,25.5761,19.4672
2005,FORD,EXPLORER 2WD,16.1716,25.0612,19.2432
2005,FORD,EXPLORER FFV 2WD,12.2309,19.2218,14.6244
2005,FORD,EXPLORER FFV 2WD,16.2847,25.5762,19.4672
2005,FORD,FREESTYLE FWD,22.4,34.2,26.5171
2005,GMC,C1500 YUKON 2WD,17.3,25.6,20.2552
2005,GMC,C1500 YUKON 2WD,16.8,25.6,19.8743
2005,GMC,C1500 YUKON 2WD,12.7,18.8,14.8714
2005,GMC,C1500 YUKON 2WD,16.8,24.9,19.681
2005,GMC,C1500 YUKON XL 2WD,12,18.5,14.2536
2005,GMC,C1500 YUKON XL 2WD,16,24.4,18.9331
2005,GMC,ENVOY 2WD,17.5,27.4,20.8978
2005,GMC,ENVOY XL 2WD,16.3,24.7,19.2452
2005,GMC,ENVOY XL 2WD,16.5498,25.8,19.7336
2005,GMC,ENVOY XUV 2WD,16.3,24.7,19.2452
2005,GMC,ENVOY XUV 2WD,17.2,26.5,20.4257
2005,HONDA,CR-V 2WD,25.6,36.8,29.6625
2005,HYUNDAI,SANTAFE 2WD,22.4,33.8,26.4081
2005,HYUNDAI,SANTAFE 2WD,22.4,34.3,26.5441
2005,HYUNDAI,SANTAFE 2WD,21.6,32,25.3001
2005,HYUNDAI,SANTAFE 2WD,19.4,30,23.0678
2005,HYUNDAI,TUCSON 2WD,24.5,34.5,28.175
2005,HYUNDAI,TUCSON 2WD,24.7,35.2,28.5296
2005,HYUNDAI,TUCSON 2WD,22,32.9,25.8546
2005,INFINITI,FX35 RWD,18.8389,30.0776,22.6469
2005,INFINITI,QX56 2WD,14.8,24.3,17.9596
2005,ISUZU,ASCENDER 5-PASSENGER 2WD,17.5,27.4,20.8978
2005,ISUZU,ASCENDER 7-PASSENGER 2WD,16.3,24.7,19.2452
2005,ISUZU,ASCENDER 7-PASSENGER 2WD,16.5498,25.8,19.7336
2005,JEEP,GRAND CHEROKEE 2WD,18.8,28.5,22.2001
2005,JEEP,GRAND CHEROKEE 2WD,16.7,25.5,19.7702
2005,JEEP,LIBERTY/CHEROKEE 2WD,23.1,32.8,26.646
2005,JEEP,LIBERTY/CHEROKEE 2WD,18.7,28,21.9861
2005,JEEP,LIBERTY/CHEROKEE 2WD,19.5,27.7996,22.5264
2005,KIA,KIA SORENTO 2WD,17.4,28.4,21.0729
2005,KIA,KIA SORENTO 2WD,18.1,25.8,20.908
2005,LEXUS,RX 330 2WD,21.6294,32.3305,25.4148
2005,LEXUS,RX 330 2WD,21.5,31.9,25.1965
2005,LINCOLN,AVIATOR 2WD,14.1,22.9,17.048
2005,LINCOLN,NAVIGATOR 2WD,14.1,22.8,17.023
2005,MAZDA,TRIBUTE 2WD,24,32.2,27.1063
2005,MAZDA,TRIBUTE 2WD,27,37.8,30.9836
2005,MAZDA,TRIBUTE 2WD,21.8,31.5,25.3068
2005,MERCURY,MARINER 2WD,24.504,32.927,27.6917
2005,MERCURY,MARINER 2WD,21.9289,31.4353,25.3832
2005,MERCURY,MOUNTAINEER 2WD,17.2832,26.4494,20.4765
2005,MERCURY,MOUNTAINEER 2WD,16.2847,25.5761,19.4672
2005,MERCURY,MOUNTAINEER 2WD,16.1716,25.0612,19.2432
2005,MERCURY,MOUNTAINER FFV 2WD,12.2309,19.2218,14.6244
2005,MERCURY,MOUNTAINER FFV 2WD,16.2847,25.5762,19.4672
2005,MITSUBISHI,ENDEAVOR 2WD,19.3,29.8,22.9368
2005,MITSUBISHI,OUTLANDER 2WD,24.2,35.5,28.2459
2005,MITSUBISHI,OUTLANDER 2WD,23.7505,33.6451,27.3731
2005,NISSAN,ARMADA 2WD,14.9764,24.2614,18.0922
2005,NISSAN,MURANO FWD,22.3,32.1,25.8516
2005,NISSAN,PATHFINDER 2WD,17.8381,29.2253,21.6307
2005,PONTIAC,AZTEK FWD,20.8,33.4,25.053
2005,SATURN,VUE FWD,24.6,37.3,29.0511
2005,SATURN,VUE FWD,24.3,34.3,27.9695
2005,SATURN,VUE FWD,25.5,37.3,29.7327
2005,SATURN,VUE FWD,22,35.3,26.4916
2005,SUZUKI,GRAND VITARA,20.9,28.4,23.7187
2005,SUZUKI,GRAND VITARA,20.6,28.5,23.5358
2005,SUZUKI,GRAND VITARA XL-7,19.6,28.8,22.8905
2005,SUZUKI,GRAND VITARA XL-7,19.2,27.9,22.334
2005,TOYOTA,4RUNNER 2WD,20.2713,28.2584,23.2253
2005,TOYOTA,HIGHLANDER 2WD,24.5,34.8,28.2645
2005,TOYOTA,HIGHLANDER 2WD,21.4,31.5,25.0083
2005,TOYOTA,RAV4 2WD,27.1,37.2,30.8718
2005,TOYOTA,RAV4 2WD,26.5499,38.3,30.8023
2005,TOYOTA,SEQUOIA 2WD,17.1,23.0996,19.3631
2005,VOLVO,XC 90 FWD,19.6,29,22.9471
2005,ACURA,MDX 4WD,18.4,29.3,22.0996
2005,AUDI,ALLROAD QUATTRO,17.6,29.4,21.4795
2005,AUDI,ALLROAD QUATTRO,18.3,28.2,21.7334
2005,AUDI,ALLROAD QUATTRO,17.8,26.6,20.9134
2005,BMW,X3,19.2,31.2,23.2186
2005,BMW,X3,18.5,30.1,22.3814
2005,BMW,X3,19,31.6,23.1546
2005,BMW,X3,17.7,29.8,21.6572
2005,BMW,X5,16.4,27.4,20.016
2005,BMW,X5,17.5,26.7,20.7114
2005,BMW,X5,17.7,28,21.2112
2005,BMW,X5 4.8IS,17.8,27.4,21.1317
2005,BUICK,RAINIER AWD,16.8,26.2,20.0346
2005,BUICK,RAINIER AWD,16.7,24,19.3483
2005,BUICK,RENDEZVOUS AWD,20.6,31.9,24.5064
2005,BUICK,RENDEZVOUS AWD,19.6,32.3,23.8134
2005,CADILLAC,ESCALADE AWD,15.2,22.3,17.742
2005,CADILLAC,ESCALADE ESV AWD,15.2,22.3,17.742
2005,CADILLAC,ESCALADE EXT AWD,15.2,22.3,17.742
2005,CADILLAC,SRX AWD,17.5994,28.6457,21.2946
2005,CADILLAC,SRX AWD,16.2,28.4288,20.0885
2005,CHEVROLET,BLAZER 4WD,16.8,24.8,19.6528
2005,CHEVROLET,BLAZER 4WD,16.2,24,18.9751
2005,CHEVROLET,EQUINOX AWD,20.6,32,24.5329
2005,CHEVROLET,K1500 AVALANCHE 4WD,11.8,17.7,13.8824
2005,CHEVROLET,K1500 AVALANCHE 4WD,15.7,23.6,18.4844
2005,CHEVROLET,K1500 SUBURBAN 4WD,16.4,25.4,19.511
2005,CHEVROLET,K1500 SUBURBAN 4WD,11.8,17.7,13.8824
2005,CHEVROLET,K1500 SUBURBAN 4WD,15.7,23.6,18.4844
2005,CHEVROLET,K1500 SUBURBAN AWD,11.8,17.7,13.8824
2005,CHEVROLET,K1500 SUBURBAN AWD,15.7,23.6,18.4844
2005,CHEVROLET,K1500 TAHOE 4WD,17.3,25.6,20.2552
2005,CHEVROLET,K1500 TAHOE 4WD,16.4,25.4,19.511
2005,CHEVROLET,K1500 TAHOE 4WD,11.8,17.7,13.8824
2005,CHEVROLET,K1500 TAHOE 4WD,15.7,23.6,18.4844
2005,CHEVROLET,K1500 TAHOE AWD,16.4,25.4,19.511
2005,CHEVROLET,K1500 TAHOE AWD,11.8,17.7,13.8824
2005,CHEVROLET,K1500 TAHOE AWD,15.7,23.6,18.4844
2005,CHEVROLET,TRAILBLAZER 4WD,16.8,26.2,20.0346
2005,CHEVROLET,TRAILBLAZER EXT 4WD,15.2,23.5,18.0724
2005,CHEVROLET,TRAILBLAZER EXT 4WD,15.9498,24.3491,18.8806
2005,CHRYSLER,PACIFICA AWD,18.3995,28.0996,21.7834
2005,DODGE,DURANGO 4WD,15.2,22.9,17.91
2005,DODGE,DURANGO 4WD,14.5,22.8,17.3407
2005,DODGE,MAGNUM AWD,18.8,30.8,22.7969
2005,DODGE,MAGNUM AWD,19.2,30.6,23.0671
2005,FORD,ESCAPE 4WD,20.6,27.9349,23.3602
2005,FORD,ESCAPE 4WD,24.3,33.7,27.7879
2005,FORD,ESCAPE 4WD,19.6,27.9943,22.6573
2005,FORD,ESCAPE HEV 4WD,36.6,36.9,36.7344
2005,FORD,EXPEDITION 4WD,15.7,22.9,18.2874
2005,FORD,EXPLORER 4WD,15.9635,25.1246,19.097
2005,FORD,EXPLORER 4WD,15.5158,23.4389,18.2994
2005,FORD,EXPLORER FFV 4WD,11.9895,18.6247,14.2786
2005,FORD,EXPLORER FFV 4WD,16.0105,25.0931,19.1257
2005,FORD,FREESTYLE AWD,20.8804,31.0608,24.4929
2005,GMC,ENVOY 4WD,16.8,26.2,20.0346
2005,GMC,ENVOY XL 4WD,15.2,23.5,18.0724
2005,GMC,ENVOY XL 4WD,15.9498,24.3491,18.8806
2005,GMC,ENVOY XUV 4WD,15.2,23.5,18.0724
2005,GMC,ENVOY XUV 4WD,15.9498,24.3491,18.8806
2005,GMC,K1500 YUKON 4WD,17.3,25.6,20.2552
2005,GMC,K1500 YUKON 4WD,16.4,25.4,19.511
2005,GMC,K1500 YUKON 4WD,11.8,17.7,13.8824
2005,GMC,K1500 YUKON 4WD,15.7,23.6,18.4844
2005,GMC,K1500 YUKON AWD,16.4,25.4,19.511
2005,GMC,K1500 YUKON AWD,11.8,17.7,13.8824
2005,GMC,K1500 YUKON AWD,15.7,23.6,18.4844
2005,GMC,K1500 YUKON AWD,15.2,22.3,17.742
2005,GMC,K1500 YUKON XL 4WD,11.8,17.7,13.8824
2005,GMC,K1500 YUKON XL 4WD,15.7,23.6,18.4844
2005,GMC,K1500 YUKON XL AWD,11.8,17.7,13.8824
2005,GMC,K1500 YUKON XL AWD,15.7,23.6,18.4844
2005,GMC,K1500 YUKON XL AWD,15.2,22.3,17.742
2005,HONDA,CR-V 4WD,24.5517,34.6031,28.2435
2005,HONDA,CR-V 4WD,23.5,32.8,26.9369
2005,HONDA,PILOT 4WD,18.4,27.9,21.7295
2005,HYUNDAI,SANTAFE 4WD,20.1,29.7,23.5213
2005,HYUNDAI,SANTAFE 4WD,18.4,29.2,22.074
2005,HYUNDAI,TUCSON 4WD,23.5,33.3,27.0872
2005,HYUNDAI,TUCSON 4WD,21.3,31.3,24.8765
2005,INFINITI,FX35 AWD,18.0787,27.7182,21.4328
2005,INFINITI,FX45 AWD,16.7,24.7,19.5493
2005,INFINITI,QX56 4WD,14.4,22.9,17.2875
2005,ISUZU,ASCENDER 5-PASSENGER 4WD,16.8,26.2,20.0346
2005,ISUZU,ASCENDER 7-PASSENGER 4WD,16.8,26.2,20.0346
2005,ISUZU,ASCENDER 7-PASSENGER 4WD,15.9498,24.3491,18.8806
2005,JEEP,GRAND CHEROKEE 4WD,18.4,26.9,21.4501
2005,JEEP,GRAND CHEROKEE 4WD,15.4,24.2,18.413
2005,JEEP,LIBERTY/CHEROKEE 4WD,22.6,30.4,25.55
2005,JEEP,LIBERTY/CHEROKEE 4WD,18.7,28,21.9861
2005,JEEP,LIBERTY/CHEROKEE 4WD,19.5,27.7996,22.5264
2005,JEEP,WRANGLER/TJ 4WD,22,26.4,23.7838
2005,JEEP,WRANGLER/TJ 4WD,15.8,22.7,18.3036
2005,JEEP,WRANGLER/TJ 4WD,16.3,23.8,19
2005,KIA,KIA SORENTO 4WD,16.1498,25.0451,19.222
2005,KIA,KIA SORENTO 4WD,17.5,25.5,20.3767
2005,LAND ROVER,FREELANDER,19.6249,26.4243,22.1949
2005,LAND ROVER,LR3,15.422,24.2123,18.4335
2005,LAND ROVER,LR3,15.6,23.3,18.3252
2005,LAND ROVER,RANGE ROVER,13.2391,20.4761,15.743
2005,LEXUS,LX 470,14.4971,21.394,16.957
2005,LEXUS,RX 330 4WD,20.4523,30.557,24.0278
2005,LEXUS,RX 330 4WD,20.4,30.3,23.9164
2005,LINCOLN,AVIATOR 4WD,14.1484,22.549,16.9981
2005,MAZDA,TRIBUTE 4WD,20.6,27.9349,23.3602
2005,MAZDA,TRIBUTE 4WD,24.3,33.7,27.7879
2005,MAZDA,TRIBUTE 4WD,19.6,27.9943,22.6573
2005,MERCEDES-BENZ,G500,14,18.5,15.7208
2005,MERCEDES-BENZ,G55 AMG,13.2,18.3,15.0928
2005,MERCEDES-BENZ,ML350,16.9,23.1,19.2216
2005,MERCEDES-BENZ,ML500,15.9,22.1,18.1973
2005,MERCURY,MARINER 4WD,21.9349,29.5884,24.8245
2005,MERCURY,MARINER 4WD,20.3702,28.9177,23.4954
2005,MERCURY,MOUNTAINEER 4WD,15.4699,24.1381,18.4517
2005,MERCURY,MOUNTAINEER 4WD,15.5158,23.4389,18.2994
2005,MERCURY,MOUNTAINEER 4WD FFV,11.5554,17.9485,13.7611
2005,MERCURY,MOUNTAINEER 4WD FFV,15.4717,24.1406,18.4537
2005,MITSUBISHI,ENDEAVOR 4WD,18.9,28,22.1376
2005,MITSUBISHI,MONTERO,16.2,23.9,18.9469
2005,MITSUBISHI,OUTLANDER 4WD,23.1,34.2,27.0508
2005,MITSUBISHI,OUTLANDER 4WD,22.7798,32.1806,26.2276
2005,NISSAN,ARMADA 4WD,14.5359,22.9893,17.4181
2005,NISSAN,MURANO AWD,22.2,31.4,25.5715
2005,NISSAN,PATHFINDER 4WD,16.7106,26.639,20.078
2005,PONTIAC,AZTEK AWD,20.6,31.9,24.5064
2005,PORSCHE,CAYENNE,16.8,24.6,19.596
2005,PORSCHE,CAYENNE,16.2,25.7,19.4324
2005,PORSCHE,CAYENNE S,15.3,23.7,18.2033
2005,PORSCHE,CAYENNE TURBO,14.3,23.6,17.3824
2005,SATURN,VUE AWD,23.7,35.4,27.8407
2005,SATURN,VUE AWD,20.7,32.6,24.7686
2005,SUBARU,BAJA AWD,23.7,35.4,27.8407
2005,SUBARU,BAJA AWD,20.8204,31.7754,24.6438
2005,SUBARU,BAJA AWD,23.7,34.2,27.4992
2005,SUBARU,BAJA AWD,20.5,29.5,23.7623
2005,SUBARU,FORESTER AWD,22.4,29.9,25.2501
2005,SUBARU,FORESTER AWD,24.8623,36.2274,28.9492
2005,SUBARU,FORESTER AWD,21.4,30.8,24.8069
2005,SUBARU,FORESTER AWD,25.0241,38.1096,29.5973
2005,SUBARU,OUTBACK AWD,21.5382,32.5839,25.4152
2005,SUBARU,OUTBACK WAGON AWD,20.8204,31.7754,24.6438
2005,SUBARU,OUTBACK WAGON AWD,25.4257,36.2715,29.3789
2005,SUBARU,OUTBACK WAGON AWD,24.9471,36.2383,29.0154
2005,SUBARU,OUTBACK WAGON AWD,20.8,31.4,24.5257
2005,SUBARU,OUTBACK WAGON AWD,21.5382,32.5839,25.4152
2005,SUZUKI,GRAND VITARA 4WD,20.6,28.2,23.4431
2005,SUZUKI,GRAND VITARA 4WD,20.7,28.4,23.5765
2005,SUZUKI,GRAND VITARA XL-7 4WD,19.2,28.3,22.4483
2005,SUZUKI,GRAND VITARA XL-7 4WD,19,27.6,22.0986
2005,TOYOTA,4RUNNER 4WD,18.8,26.7,21.6876
2005,TOYOTA,HIGHLANDER 4WD,23.6,32.6,26.9478
2005,TOYOTA,HIGHLANDER 4WD,20.5,30.6,24.076
2005,TOYOTA,LAND CRUISER WAGON 4WD,14.4971,21.394,16.957
2005,TOYOTA,RAV4 4WD,24.9,34,28.3096
2005,TOYOTA,RAV4 4WD,24.1,34.6,27.9116
2005,TOYOTA,SEQUOIA 4WD,16.4496,22.4947,18.7125
2005,VOLKSWAGEN,TOUAREG,17.9,26.9,21.0726
2005,VOLKSWAGEN,TOUAREG,15.1,23.4473,17.9805
2005,VOLVO,XC 70 AWD,20.3,31,24.0328
2005,VOLVO,XC 90 AWD,18.8904,27.9812,22.1251
2005,VOLVO,XC 90 AWD,16.8,26,19.9817
